Metric,Naive (Top-1),Enhanced (Rewrite+Rerank),Delta
exact_match,41.50326797385621,33.66013071895425,-7.843137254901961
f1,49.2708018360722,42.40920402984454,-6.861597806227664
