Metric,Naive (Top-1),Enhanced (Rewrite+Rerank),Delta
exact_match,46.0,37.0,-9.0
f1,49.38208983998457,41.5509612461486,-7.83112859383597
