Prompt,TopK,Exact Match,F1
baseline,1,46.0,49.38208983998457
verification,1,52.0,55.64046304572619
