metric,Naive (Top-1),Enhanced (Rewrite+Rerank),Delta
Samples,100.0,100.0,0.0
context_precision,0.6899999999309999,0.8658333332667918,0.17583333333579187
context_recall,0.56,0.62,0.05999999999999994
faithfulness,0.6758333333333333,0.785,0.10916666666666675
answer_relevancy,0.6406915477745632,0.6716797541428267,0.030988206368263493
